filename,pred
03-01-05-01-01-01-01.wav,angry
03-01-05-01-01-01-02.wav,angry
03-01-05-01-01-01-03.wav,angry
03-01-05-01-01-01-04.wav,angry
03-01-05-01-01-01-05.wav,angry
03-01-05-01-01-01-06.wav,angry
03-01-05-01-01-01-07.wav,angry
03-01-05-01-01-01-08.wav,angry
03-01-05-01-01-01-09.wav,angry
03-01-05-01-01-01-10.wav,sad
03-01-05-01-01-01-11.wav,angry
03-01-05-01-01-01-12.wav,angry
03-01-05-01-01-01-13.wav,angry
03-01-05-01-01-01-14.wav,angry
03-01-05-01-01-01-15.wav,angry
03-01-05-01-01-01-16.wav,angry
03-01-05-01-01-01-17.wav,angry
03-01-05-01-01-01-18.wav,angry
03-01-05-01-01-01-19.wav,angry
03-01-05-01-01-01-20.wav,fear
03-01-05-01-01-01-21.wav,angry
03-01-05-01-01-01-22.wav,angry
03-01-05-01-01-01-23.wav,angry
03-01-05-01-01-01-24.wav,angry
03-01-05-01-01-02-01.wav,angry
03-01-05-01-01-02-02.wav,angry
03-01-05-01-01-02-03.wav,angry
03-01-05-01-01-02-04.wav,angry
03-01-05-01-01-02-05.wav,angry
03-01-05-01-01-02-06.wav,angry
03-01-05-01-01-02-07.wav,angry
03-01-05-01-01-02-08.wav,angry
03-01-05-01-01-02-09.wav,angry
03-01-05-01-01-02-10.wav,angry
03-01-05-01-01-02-11.wav,angry
03-01-05-01-01-02-12.wav,angry
03-01-05-01-01-02-13.wav,angry
03-01-05-01-01-02-14.wav,angry
03-01-05-01-01-02-15.wav,angry
03-01-05-01-01-02-16.wav,angry
03-01-05-01-01-02-17.wav,angry
03-01-05-01-01-02-18.wav,angry
03-01-05-01-01-02-19.wav,angry
03-01-05-01-01-02-20.wav,angry
03-01-05-01-01-02-21.wav,angry
03-01-05-01-01-02-22.wav,angry
03-01-05-01-01-02-23.wav,angry
03-01-05-01-01-02-24.wav,angry
03-01-05-01-02-01-01.wav,angry
03-01-05-01-02-01-02.wav,angry
03-01-05-01-02-01-03.wav,angry
03-01-05-01-02-01-04.wav,angry
03-01-05-01-02-01-05.wav,angry
03-01-05-01-02-01-06.wav,angry
03-01-05-01-02-01-07.wav,angry
03-01-05-01-02-01-08.wav,angry
03-01-05-01-02-01-09.wav,angry
03-01-05-01-02-01-10.wav,angry
03-01-05-01-02-01-11.wav,angry
03-01-05-01-02-01-12.wav,angry
03-01-05-01-02-01-13.wav,angry
03-01-05-01-02-01-14.wav,angry
03-01-05-01-02-01-15.wav,happy
03-01-05-01-02-01-16.wav,angry
03-01-05-01-02-01-17.wav,angry
03-01-05-01-02-01-18.wav,angry
03-01-05-01-02-01-19.wav,angry
03-01-05-01-02-01-20.wav,angry
03-01-05-01-02-01-21.wav,angry
03-01-05-01-02-01-22.wav,angry
03-01-05-01-02-01-23.wav,angry
03-01-05-01-02-01-24.wav,angry
03-01-05-01-02-02-01.wav,angry
03-01-05-01-02-02-02.wav,angry
03-01-05-01-02-02-03.wav,angry
03-01-05-01-02-02-04.wav,angry
03-01-05-01-02-02-05.wav,angry
03-01-05-01-02-02-06.wav,angry
03-01-05-01-02-02-07.wav,angry
03-01-05-01-02-02-08.wav,angry
03-01-05-01-02-02-09.wav,angry
03-01-05-01-02-02-10.wav,angry
03-01-05-01-02-02-11.wav,angry
03-01-05-01-02-02-12.wav,angry
03-01-05-01-02-02-13.wav,angry
03-01-05-01-02-02-14.wav,angry
03-01-05-01-02-02-15.wav,angry
03-01-05-01-02-02-16.wav,angry
03-01-05-01-02-02-17.wav,angry
03-01-05-01-02-02-18.wav,angry
03-01-05-01-02-02-19.wav,angry
03-01-05-01-02-02-20.wav,angry
03-01-05-01-02-02-21.wav,angry
03-01-05-01-02-02-22.wav,angry
03-01-05-01-02-02-23.wav,angry
03-01-05-01-02-02-24.wav,angry
03-01-05-02-01-01-01.wav,angry
03-01-05-02-01-01-02.wav,angry
03-01-05-02-01-01-03.wav,angry
03-01-05-02-01-01-04.wav,angry
03-01-05-02-01-01-05.wav,angry
03-01-05-02-01-01-06.wav,angry
03-01-05-02-01-01-07.wav,angry
03-01-05-02-01-01-08.wav,angry
03-01-05-02-01-01-09.wav,angry
03-01-05-02-01-01-10.wav,angry
03-01-05-02-01-01-11.wav,angry
03-01-05-02-01-01-12.wav,angry
03-01-05-02-01-01-13.wav,angry
03-01-05-02-01-01-14.wav,angry
03-01-05-02-01-01-15.wav,angry
03-01-05-02-01-01-16.wav,angry
03-01-05-02-01-01-17.wav,angry
03-01-05-02-01-01-18.wav,angry
03-01-05-02-01-01-19.wav,angry
03-01-05-02-01-01-20.wav,angry
03-01-05-02-01-01-21.wav,angry
03-01-05-02-01-01-22.wav,angry
03-01-05-02-01-01-23.wav,angry
03-01-05-02-01-01-24.wav,angry
03-01-05-02-01-02-01.wav,angry
03-01-05-02-01-02-02.wav,angry
03-01-05-02-01-02-03.wav,angry
03-01-05-02-01-02-04.wav,angry
03-01-05-02-01-02-05.wav,angry
03-01-05-02-01-02-06.wav,angry
03-01-05-02-01-02-07.wav,angry
03-01-05-02-01-02-08.wav,angry
03-01-05-02-01-02-09.wav,angry
03-01-05-02-01-02-10.wav,angry
03-01-05-02-01-02-11.wav,angry
03-01-05-02-01-02-12.wav,angry
03-01-05-02-01-02-13.wav,angry
03-01-05-02-01-02-14.wav,angry
03-01-05-02-01-02-15.wav,angry
03-01-05-02-01-02-16.wav,angry
03-01-05-02-01-02-17.wav,angry
03-01-05-02-01-02-18.wav,angry
03-01-05-02-01-02-19.wav,angry
03-01-05-02-01-02-20.wav,angry
03-01-05-02-01-02-21.wav,angry
03-01-05-02-01-02-22.wav,angry
03-01-05-02-01-02-23.wav,angry
03-01-05-02-01-02-24.wav,angry
03-01-05-02-02-01-01.wav,angry
03-01-05-02-02-01-02.wav,angry
03-01-05-02-02-01-03.wav,angry
03-01-05-02-02-01-04.wav,angry
03-01-05-02-02-01-05.wav,angry
03-01-05-02-02-01-06.wav,angry
03-01-05-02-02-01-07.wav,angry
03-01-05-02-02-01-08.wav,angry
03-01-05-02-02-01-09.wav,angry
03-01-05-02-02-01-10.wav,angry
03-01-05-02-02-01-11.wav,angry
03-01-05-02-02-01-12.wav,angry
03-01-05-02-02-01-13.wav,angry
03-01-05-02-02-01-14.wav,angry
03-01-05-02-02-01-15.wav,angry
03-01-05-02-02-01-16.wav,angry
03-01-05-02-02-01-17.wav,angry
03-01-05-02-02-01-18.wav,angry
03-01-05-02-02-01-19.wav,angry
03-01-05-02-02-01-20.wav,angry
03-01-05-02-02-01-21.wav,angry
03-01-05-02-02-01-22.wav,angry
03-01-05-02-02-01-23.wav,angry
03-01-05-02-02-01-24.wav,angry
03-01-05-02-02-02-01.wav,angry
03-01-05-02-02-02-02.wav,angry
03-01-05-02-02-02-03.wav,angry
03-01-05-02-02-02-04.wav,angry
03-01-05-02-02-02-05.wav,angry
03-01-05-02-02-02-06.wav,angry
03-01-05-02-02-02-07.wav,angry
03-01-05-02-02-02-08.wav,angry
03-01-05-02-02-02-09.wav,angry
03-01-05-02-02-02-10.wav,angry
03-01-05-02-02-02-11.wav,angry
03-01-05-02-02-02-12.wav,angry
03-01-05-02-02-02-13.wav,angry
03-01-05-02-02-02-14.wav,angry
03-01-05-02-02-02-15.wav,angry
03-01-05-02-02-02-16.wav,angry
03-01-05-02-02-02-17.wav,angry
03-01-05-02-02-02-18.wav,angry
03-01-05-02-02-02-19.wav,angry
03-01-05-02-02-02-20.wav,angry
03-01-05-02-02-02-21.wav,angry
03-01-05-02-02-02-22.wav,angry
03-01-05-02-02-02-23.wav,angry
03-01-05-02-02-02-24.wav,angry
03a01Wa.wav,angry
03a02Wb.wav,angry
03a02Wc.wav,angry
03a04Wc.wav,angry
03a05Wa.wav,angry
03a05Wb.wav,angry
03a07Wc.wav,angry
03b01Wa.wav,angry
03b01Wc.wav,angry
03b02Wb.wav,angry
03b03Wc.wav,angry
03b09Wa.wav,angry
03b10Wb.wav,angry
03b10Wc.wav,angry
08a01Wa.wav,angry
08a01Wc.wav,angry
08a02Wc.wav,angry
08a04Wc.wav,angry
08a05Wa.wav,angry
08a07Wc.wav,angry
08b01Wa.wav,angry
08b02Wd.wav,angry
08b03Wd.wav,angry
08b09Wa.wav,angry
08b09Wc.wav,angry
08b10Wa.wav,angry
09a01Wb.wav,angry
09a02Wb.wav,angry
09a04Wa.wav,angry
09a05Wb.wav,angry
09a05Wc.wav,angry
09a07Wb.wav,angry
09a07Wd.wav,angry
09b01Wb.wav,angry
09b02Wc.wav,angry
09b02Wd.wav,angry
09b03Wb.wav,angry
09b09Wa.wav,angry
09b10Wa.wav,angry
1001_DFA_ANG_XX.wav,angry
1001_IEO_ANG_HI.wav,angry
1001_IEO_ANG_LO.wav,fear
1001_IEO_ANG_MD.wav,angry
1001_IOM_ANG_XX.wav,angry
1001_ITH_ANG_XX.wav,angry
1001_ITS_ANG_XX.wav,angry
1001_IWL_ANG_XX.wav,angry
1001_IWW_ANG_XX.wav,angry
1001_MTI_ANG_XX.wav,angry
1001_TAI_ANG_XX.wav,angry
1001_TIE_ANG_XX.wav,angry
1001_TSI_ANG_XX.wav,angry
1001_WSI_ANG_XX.wav,angry
1002_DFA_ANG_XX.wav,angry
1002_IEO_ANG_HI.wav,angry
1002_IEO_ANG_LO.wav,angry
1002_IEO_ANG_MD.wav,angry
1002_IOM_ANG_XX.wav,angry
1002_ITH_ANG_XX.wav,angry
1002_ITS_ANG_XX.wav,angry
1002_IWL_ANG_XX.wav,angry
1002_IWW_ANG_XX.wav,angry
1002_MTI_ANG_XX.wav,angry
1002_TAI_ANG_XX.wav,angry
1002_TIE_ANG_XX.wav,angry
1002_TSI_ANG_XX.wav,angry
1002_WSI_ANG_XX.wav,angry
1003_DFA_ANG_XX.wav,angry
1003_IEO_ANG_HI.wav,angry
1003_IEO_ANG_LO.wav,angry
1003_IEO_ANG_MD.wav,angry
1003_IOM_ANG_XX.wav,angry
1003_ITH_ANG_XX.wav,angry
1003_ITS_ANG_XX.wav,angry
1003_IWL_ANG_XX.wav,angry
1003_IWW_ANG_XX.wav,angry
1003_MTI_ANG_XX.wav,angry
1003_TAI_ANG_XX.wav,angry
1003_TIE_ANG_XX.wav,angry
1003_TSI_ANG_XX.wav,angry
1003_WSI_ANG_XX.wav,angry
1004_DFA_ANG_XX.wav,angry
1004_IEO_ANG_HI.wav,angry
1004_IEO_ANG_LO.wav,angry
1004_IEO_ANG_MD.wav,angry
1004_IOM_ANG_XX.wav,angry
1004_ITH_ANG_XX.wav,angry
1004_ITS_ANG_XX.wav,angry
1004_IWL_ANG_XX.wav,angry
1004_IWW_ANG_XX.wav,angry
1004_MTI_ANG_XX.wav,angry
1004_TAI_ANG_XX.wav,angry
1004_TIE_ANG_XX.wav,angry
1004_TSI_ANG_XX.wav,angry
1004_WSI_ANG_XX.wav,angry
1005_DFA_ANG_XX.wav,angry
1005_IEO_ANG_HI.wav,angry
1005_IEO_ANG_LO.wav,angry
1005_IEO_ANG_MD.wav,angry
1005_IOM_ANG_XX.wav,angry
1005_ITH_ANG_XX.wav,angry
1005_ITS_ANG_XX.wav,angry
1005_IWL_ANG_XX.wav,angry
1005_IWW_ANG_XX.wav,angry
1005_MTI_ANG_XX.wav,angry
1005_TAI_ANG_XX.wav,angry
1005_TIE_ANG_XX.wav,angry
1005_TSI_ANG_XX.wav,angry
1005_WSI_ANG_XX.wav,angry
1006_DFA_ANG_XX.wav,angry
1006_IEO_ANG_HI.wav,angry
1006_IEO_ANG_LO.wav,angry
1006_IEO_ANG_MD.wav,angry
1006_IOM_ANG_XX.wav,angry
1006_ITH_ANG_XX.wav,angry
1006_ITS_ANG_XX.wav,angry
1006_IWL_ANG_XX.wav,angry
1006_IWW_ANG_XX.wav,angry
1006_MTI_ANG_XX.wav,angry
1006_TAI_ANG_XX.wav,angry
1006_TIE_ANG_XX.wav,angry
1006_TSI_ANG_XX.wav,angry
1006_WSI_ANG_XX.wav,angry
1007_DFA_ANG_XX.wav,angry
1007_IEO_ANG_HI.wav,angry
1007_IEO_ANG_LO.wav,angry
1007_IEO_ANG_MD.wav,angry
1007_IOM_ANG_XX.wav,angry
1007_ITH_ANG_XX.wav,angry
1007_ITS_ANG_XX.wav,angry
1007_IWL_ANG_XX.wav,happy
1007_IWW_ANG_XX.wav,angry
1007_MTI_ANG_XX.wav,angry
1007_TAI_ANG_XX.wav,angry
1007_TIE_ANG_XX.wav,angry
1007_TSI_ANG_XX.wav,angry
1007_WSI_ANG_XX.wav,angry
1008_DFA_ANG_XX.wav,angry
1008_IEO_ANG_HI.wav,angry
1008_IEO_ANG_LO.wav,angry
1008_IEO_ANG_MD.wav,angry
1008_IOM_ANG_XX.wav,angry
1008_ITH_ANG_XX.wav,angry
1008_ITS_ANG_XX.wav,angry
1008_IWL_ANG_XX.wav,angry
1008_IWW_ANG_XX.wav,angry
1008_MTI_ANG_XX.wav,angry
1008_TAI_ANG_XX.wav,angry
1008_TIE_ANG_XX.wav,angry
1008_TSI_ANG_XX.wav,angry
1009_DFA_ANG_XX.wav,angry
1009_IEO_ANG_HI.wav,angry
1009_IEO_ANG_LO.wav,angry
1009_IEO_ANG_MD.wav,angry
1009_IOM_ANG_XX.wav,angry
1009_ITH_ANG_XX.wav,angry
1009_ITS_ANG_XX.wav,angry
1009_IWL_ANG_XX.wav,angry
1009_IWW_ANG_XX.wav,angry
1009_TAI_ANG_XX.wav,angry
1009_TIE_ANG_XX.wav,angry
1009_TSI_ANG_XX.wav,angry
1009_WSI_ANG_XX.wav,angry
1010_DFA_ANG_XX.wav,angry
1010_IEO_ANG_HI.wav,angry
1010_IEO_ANG_LO.wav,angry
1010_IEO_ANG_MD.wav,angry
1010_IOM_ANG_XX.wav,angry
1010_ITH_ANG_XX.wav,angry
1010_ITS_ANG_XX.wav,angry
1010_IWL_ANG_XX.wav,angry
1010_IWW_ANG_XX.wav,angry
1010_MTI_ANG_XX.wav,angry
1010_TAI_ANG_XX.wav,angry
1010_TIE_ANG_XX.wav,angry
1010_TSI_ANG_XX.wav,angry
1010_WSI_ANG_XX.wav,angry
1011_DFA_ANG_XX.wav,angry
1011_IEO_ANG_HI.wav,angry
1011_IEO_ANG_LO.wav,angry
1011_IEO_ANG_MD.wav,angry
1011_IOM_ANG_XX.wav,angry
1011_ITH_ANG_XX.wav,angry
1011_ITS_ANG_XX.wav,angry
1011_IWL_ANG_XX.wav,angry
1011_IWW_ANG_XX.wav,angry
1011_MTI_ANG_XX.wav,angry
1011_TAI_ANG_XX.wav,angry
1011_TIE_ANG_XX.wav,angry
1011_TSI_ANG_XX.wav,angry
1011_WSI_ANG_XX.wav,angry
1012_DFA_ANG_XX.wav,angry
1012_IEO_ANG_HI.wav,angry
1012_IEO_ANG_LO.wav,angry
1012_IEO_ANG_MD.wav,angry
1012_IOM_ANG_XX.wav,angry
1012_ITH_ANG_XX.wav,angry
1012_ITS_ANG_XX.wav,angry
1012_IWL_ANG_XX.wav,angry
1012_IWW_ANG_XX.wav,angry
1012_MTI_ANG_XX.wav,angry
1012_TAI_ANG_XX.wav,angry
1012_TIE_ANG_XX.wav,angry
1012_TSI_ANG_XX.wav,angry
1012_WSI_ANG_XX.wav,angry
1013_DFA_ANG_XX.wav,angry
1013_IEO_ANG_HI.wav,angry
1013_IEO_ANG_LO.wav,angry
1013_IEO_ANG_MD.wav,angry
1013_IOM_ANG_XX.wav,angry
1013_ITH_ANG_XX.wav,angry
1013_ITS_ANG_XX.wav,angry
1013_IWL_ANG_XX.wav,angry
1013_IWW_ANG_XX.wav,angry
1013_MTI_ANG_XX.wav,angry
1013_TAI_ANG_XX.wav,angry
1013_TIE_ANG_XX.wav,angry
1013_TSI_ANG_XX.wav,angry
1013_WSI_ANG_XX.wav,angry
1014_DFA_ANG_XX.wav,angry
1014_IEO_ANG_HI.wav,angry
1014_IEO_ANG_LO.wav,angry
1014_IEO_ANG_MD.wav,angry
1014_IOM_ANG_XX.wav,angry
1014_ITH_ANG_XX.wav,angry
1014_ITS_ANG_XX.wav,angry
1014_IWL_ANG_XX.wav,angry
1014_IWW_ANG_XX.wav,angry
1014_MTI_ANG_XX.wav,angry
1014_TAI_ANG_XX.wav,angry
1014_TIE_ANG_XX.wav,angry
1014_TSI_ANG_XX.wav,angry
1014_WSI_ANG_XX.wav,angry
1015_DFA_ANG_XX.wav,angry
1015_IEO_ANG_HI.wav,angry
1015_IEO_ANG_LO.wav,angry
1015_IEO_ANG_MD.wav,angry
1015_IOM_ANG_XX.wav,sad
1015_ITH_ANG_XX.wav,angry
1015_ITS_ANG_XX.wav,angry
1015_IWL_ANG_XX.wav,angry
1015_IWW_ANG_XX.wav,happy
1015_MTI_ANG_XX.wav,angry
1015_TAI_ANG_XX.wav,angry
1015_TIE_ANG_XX.wav,angry
1015_TSI_ANG_XX.wav,sad
1015_WSI_ANG_XX.wav,angry
1016_DFA_ANG_XX.wav,angry
1016_IEO_ANG_HI.wav,angry
1016_IEO_ANG_LO.wav,angry
1016_IEO_ANG_MD.wav,angry
1016_IOM_ANG_XX.wav,angry
1016_ITH_ANG_XX.wav,angry
1016_ITS_ANG_XX.wav,angry
1016_IWL_ANG_XX.wav,angry
1016_IWW_ANG_XX.wav,angry
1016_MTI_ANG_XX.wav,angry
1016_TAI_ANG_XX.wav,angry
1016_TIE_ANG_XX.wav,angry
1016_TSI_ANG_XX.wav,happy
1016_WSI_ANG_XX.wav,angry
1017_DFA_ANG_XX.wav,angry
1017_IEO_ANG_HI.wav,angry
1017_IEO_ANG_LO.wav,angry
1017_IEO_ANG_MD.wav,angry
1017_IOM_ANG_XX.wav,angry
1017_ITH_ANG_XX.wav,angry
1017_ITS_ANG_XX.wav,angry
1017_IWL_ANG_XX.wav,angry
1017_IWW_ANG_XX.wav,fear
1017_MTI_ANG_XX.wav,angry
1017_TAI_ANG_XX.wav,angry
1017_TIE_ANG_XX.wav,angry
1017_TSI_ANG_XX.wav,angry
1017_WSI_ANG_XX.wav,angry
1018_DFA_ANG_XX.wav,angry
1018_IEO_ANG_HI.wav,angry
1018_IEO_ANG_LO.wav,angry
1018_IEO_ANG_MD.wav,angry
1018_IOM_ANG_XX.wav,angry
1018_ITH_ANG_XX.wav,angry
1018_ITS_ANG_XX.wav,angry
1018_IWL_ANG_XX.wav,angry
1018_IWW_ANG_XX.wav,angry
1018_MTI_ANG_XX.wav,angry
1018_TAI_ANG_XX.wav,angry
1018_TIE_ANG_XX.wav,angry
1018_TSI_ANG_XX.wav,angry
1018_WSI_ANG_XX.wav,angry
1019_DFA_ANG_XX.wav,angry
1019_IEO_ANG_HI.wav,angry
1019_IEO_ANG_LO.wav,angry
1019_IEO_ANG_MD.wav,angry
1019_IOM_ANG_XX.wav,angry
1019_ITS_ANG_XX.wav,angry
1019_IWL_ANG_XX.wav,angry
1019_IWW_ANG_XX.wav,angry
1019_MTI_ANG_XX.wav,angry
1019_TAI_ANG_XX.wav,angry
1019_TIE_ANG_XX.wav,angry
1019_TSI_ANG_XX.wav,angry
1019_WSI_ANG_XX.wav,angry
1020_DFA_ANG_XX.wav,angry
1020_IEO_ANG_HI.wav,angry
1020_IEO_ANG_LO.wav,angry
1020_IEO_ANG_MD.wav,angry
1020_IOM_ANG_XX.wav,angry
1020_ITH_ANG_XX.wav,angry
1020_ITS_ANG_XX.wav,neutral
1020_IWL_ANG_XX.wav,angry
1020_IWW_ANG_XX.wav,angry
1020_MTI_ANG_XX.wav,angry
1020_TAI_ANG_XX.wav,angry
1020_TIE_ANG_XX.wav,angry
1020_TSI_ANG_XX.wav,angry
1020_WSI_ANG_XX.wav,angry
1021_DFA_ANG_XX.wav,angry
1021_IEO_ANG_HI.wav,angry
1021_IEO_ANG_LO.wav,angry
1021_IEO_ANG_MD.wav,angry
1021_IOM_ANG_XX.wav,angry
1021_ITH_ANG_XX.wav,angry
1021_ITS_ANG_XX.wav,angry
1021_IWL_ANG_XX.wav,angry
1021_IWW_ANG_XX.wav,angry
1021_MTI_ANG_XX.wav,angry
1021_TAI_ANG_XX.wav,angry
1021_TIE_ANG_XX.wav,angry
1021_TSI_ANG_XX.wav,angry
1021_WSI_ANG_XX.wav,angry
1022_DFA_ANG_XX.wav,angry
1022_IEO_ANG_HI.wav,angry
1022_IEO_ANG_LO.wav,angry
1022_IEO_ANG_MD.wav,angry
1022_IOM_ANG_XX.wav,angry
1022_ITH_ANG_XX.wav,angry
1022_ITS_ANG_XX.wav,angry
1022_IWL_ANG_XX.wav,angry
1022_IWW_ANG_XX.wav,angry
1022_MTI_ANG_XX.wav,angry
1022_TAI_ANG_XX.wav,angry
1022_TIE_ANG_XX.wav,angry
1022_TSI_ANG_XX.wav,angry
1022_WSI_ANG_XX.wav,angry
1023_DFA_ANG_XX.wav,angry
1023_IEO_ANG_HI.wav,angry
1023_IEO_ANG_LO.wav,angry
1023_IEO_ANG_MD.wav,angry
1023_IOM_ANG_XX.wav,angry
1023_ITH_ANG_XX.wav,angry
1023_ITS_ANG_XX.wav,angry
1023_IWL_ANG_XX.wav,angry
1023_IWW_ANG_XX.wav,angry
1023_MTI_ANG_XX.wav,angry
1023_TAI_ANG_XX.wav,angry
1023_TIE_ANG_XX.wav,angry
1023_TSI_ANG_XX.wav,angry
1023_WSI_ANG_XX.wav,angry
1024_DFA_ANG_XX.wav,angry
1024_IEO_ANG_HI.wav,angry
1024_IEO_ANG_LO.wav,angry
1024_IEO_ANG_MD.wav,angry
1024_IOM_ANG_XX.wav,angry
1024_ITH_ANG_XX.wav,angry
1024_ITS_ANG_XX.wav,happy
1024_IWL_ANG_XX.wav,angry
1024_IWW_ANG_XX.wav,angry
1024_MTI_ANG_XX.wav,angry
1024_TAI_ANG_XX.wav,angry
1024_TIE_ANG_XX.wav,happy
1024_TSI_ANG_XX.wav,angry
1024_WSI_ANG_XX.wav,angry
1025_DFA_ANG_XX.wav,angry
1025_IEO_ANG_HI.wav,angry
1025_IEO_ANG_LO.wav,angry
1025_IEO_ANG_MD.wav,angry
1025_IOM_ANG_XX.wav,angry
1025_ITH_ANG_XX.wav,angry
1025_ITS_ANG_XX.wav,angry
1025_IWL_ANG_XX.wav,angry
1025_IWW_ANG_XX.wav,angry
1025_MTI_ANG_XX.wav,angry
1025_TAI_ANG_XX.wav,angry
1025_TIE_ANG_XX.wav,angry
1025_TSI_ANG_XX.wav,angry
1025_WSI_ANG_XX.wav,angry
1026_DFA_ANG_XX.wav,angry
1026_IEO_ANG_HI.wav,angry
1026_IEO_ANG_LO.wav,angry
1026_IEO_ANG_MD.wav,angry
1026_IOM_ANG_XX.wav,angry
1026_ITH_ANG_XX.wav,angry
1026_ITS_ANG_XX.wav,angry
1026_IWL_ANG_XX.wav,angry
1026_IWW_ANG_XX.wav,angry
1026_MTI_ANG_XX.wav,angry
1026_TAI_ANG_XX.wav,angry
1026_TIE_ANG_XX.wav,angry
1026_TSI_ANG_XX.wav,angry
1026_WSI_ANG_XX.wav,angry
1027_DFA_ANG_XX.wav,angry
1027_IEO_ANG_HI.wav,angry
1027_IEO_ANG_LO.wav,angry
1027_IEO_ANG_MD.wav,angry
1027_IOM_ANG_XX.wav,angry
1027_ITH_ANG_XX.wav,angry
1027_ITS_ANG_XX.wav,angry
1027_IWL_ANG_XX.wav,angry
1027_IWW_ANG_XX.wav,angry
1027_MTI_ANG_XX.wav,angry
1027_TAI_ANG_XX.wav,angry
1027_TIE_ANG_XX.wav,angry
1027_TSI_ANG_XX.wav,angry
1027_WSI_ANG_XX.wav,angry
1028_DFA_ANG_XX.wav,angry
1028_IEO_ANG_HI.wav,angry
1028_IEO_ANG_LO.wav,angry
1028_IEO_ANG_MD.wav,angry
1028_IOM_ANG_XX.wav,angry
1028_ITH_ANG_XX.wav,angry
1028_ITS_ANG_XX.wav,angry
1028_IWL_ANG_XX.wav,angry
1028_IWW_ANG_XX.wav,angry
1028_MTI_ANG_XX.wav,angry
1028_TAI_ANG_XX.wav,angry
1028_TIE_ANG_XX.wav,angry
1028_TSI_ANG_XX.wav,angry
1028_WSI_ANG_XX.wav,angry
1029_DFA_ANG_XX.wav,angry
1029_IEO_ANG_HI.wav,angry
1029_IEO_ANG_LO.wav,angry
1029_IEO_ANG_MD.wav,angry
1029_IOM_ANG_XX.wav,angry
1029_ITH_ANG_XX.wav,angry
1029_ITS_ANG_XX.wav,angry
1029_IWL_ANG_XX.wav,angry
1029_IWW_ANG_XX.wav,angry
1029_MTI_ANG_XX.wav,angry
1029_TAI_ANG_XX.wav,angry
1029_TIE_ANG_XX.wav,angry
1029_TSI_ANG_XX.wav,angry
1029_WSI_ANG_XX.wav,angry
1030_DFA_ANG_XX.wav,angry
1030_IEO_ANG_HI.wav,angry
1030_IEO_ANG_LO.wav,angry
1030_IEO_ANG_MD.wav,angry
1030_IOM_ANG_XX.wav,angry
1030_ITH_ANG_XX.wav,angry
1030_ITS_ANG_XX.wav,angry
1030_IWL_ANG_XX.wav,angry
1030_IWW_ANG_XX.wav,angry
1030_MTI_ANG_XX.wav,angry
1030_TAI_ANG_XX.wav,angry
1030_TIE_ANG_XX.wav,angry
1030_TSI_ANG_XX.wav,angry
1030_WSI_ANG_XX.wav,angry
1031_DFA_ANG_XX.wav,angry
1031_IEO_ANG_HI.wav,angry
1031_IEO_ANG_LO.wav,angry
1031_IEO_ANG_MD.wav,angry
1031_IOM_ANG_XX.wav,angry
1031_ITH_ANG_XX.wav,angry
1031_ITS_ANG_XX.wav,angry
1031_IWL_ANG_XX.wav,angry
1031_IWW_ANG_XX.wav,angry
1031_MTI_ANG_XX.wav,angry
1031_TAI_ANG_XX.wav,angry
1031_TIE_ANG_XX.wav,angry
1031_TSI_ANG_XX.wav,happy
1031_WSI_ANG_XX.wav,happy
1032_DFA_ANG_XX.wav,angry
1032_IEO_ANG_HI.wav,angry
1032_IEO_ANG_LO.wav,angry
1032_IEO_ANG_MD.wav,angry
1032_IOM_ANG_XX.wav,angry
1032_ITH_ANG_XX.wav,angry
1032_ITS_ANG_XX.wav,angry
1032_IWL_ANG_XX.wav,happy
1032_IWW_ANG_XX.wav,angry
1032_MTI_ANG_XX.wav,angry
1032_TAI_ANG_XX.wav,angry
1032_TIE_ANG_XX.wav,angry
1032_TSI_ANG_XX.wav,angry
1032_WSI_ANG_XX.wav,angry
1033_DFA_ANG_XX.wav,angry
1033_IEO_ANG_HI.wav,angry
1033_IEO_ANG_LO.wav,angry
1033_IEO_ANG_MD.wav,angry
1033_IOM_ANG_XX.wav,angry
1033_ITH_ANG_XX.wav,angry
1033_ITS_ANG_XX.wav,angry
1033_IWL_ANG_XX.wav,angry
1033_IWW_ANG_XX.wav,angry
1033_MTI_ANG_XX.wav,angry
1033_TAI_ANG_XX.wav,angry
1033_TIE_ANG_XX.wav,angry
1033_TSI_ANG_XX.wav,angry
1033_WSI_ANG_XX.wav,angry
1034_DFA_ANG_XX.wav,angry
1034_IEO_ANG_HI.wav,angry
1034_IEO_ANG_LO.wav,angry
1034_IEO_ANG_MD.wav,angry
1034_IOM_ANG_XX.wav,angry
1034_ITH_ANG_XX.wav,sad
1034_ITS_ANG_XX.wav,angry
1034_IWL_ANG_XX.wav,angry
1034_IWW_ANG_XX.wav,angry
1034_MTI_ANG_XX.wav,angry
1034_TAI_ANG_XX.wav,angry
1034_TIE_ANG_XX.wav,angry
1034_TSI_ANG_XX.wav,fear
1034_WSI_ANG_XX.wav,sad
1035_DFA_ANG_XX.wav,angry
1035_IEO_ANG_HI.wav,angry
1035_IEO_ANG_LO.wav,happy
1035_IEO_ANG_MD.wav,angry
1035_IOM_ANG_XX.wav,angry
1035_ITH_ANG_XX.wav,angry
1035_ITS_ANG_XX.wav,angry
1035_IWL_ANG_XX.wav,angry
1035_IWW_ANG_XX.wav,angry
1035_MTI_ANG_XX.wav,angry
1035_TAI_ANG_XX.wav,angry
1035_TIE_ANG_XX.wav,angry
1035_TSI_ANG_XX.wav,angry
1035_WSI_ANG_XX.wav,angry
1036_DFA_ANG_XX.wav,angry
1036_IEO_ANG_HI.wav,angry
1036_IEO_ANG_LO.wav,happy
1036_IEO_ANG_MD.wav,angry
1036_IOM_ANG_XX.wav,angry
1036_ITH_ANG_XX.wav,angry
1036_ITS_ANG_XX.wav,angry
1036_IWL_ANG_XX.wav,angry
1036_IWW_ANG_XX.wav,angry
1036_MTI_ANG_XX.wav,angry
1036_TAI_ANG_XX.wav,angry
1036_TIE_ANG_XX.wav,sad
1036_TSI_ANG_XX.wav,angry
1036_WSI_ANG_XX.wav,angry
1037_DFA_ANG_XX.wav,angry
1037_IEO_ANG_HI.wav,angry
1037_IEO_ANG_LO.wav,angry
1037_IEO_ANG_MD.wav,angry
1037_IOM_ANG_XX.wav,angry
1037_ITH_ANG_XX.wav,angry
1037_ITS_ANG_XX.wav,angry
1037_IWL_ANG_XX.wav,angry
1037_IWW_ANG_XX.wav,angry
1037_MTI_ANG_XX.wav,angry
1037_TAI_ANG_XX.wav,angry
1037_TIE_ANG_XX.wav,angry
1037_TSI_ANG_XX.wav,angry
1037_WSI_ANG_XX.wav,angry
1038_DFA_ANG_XX.wav,angry
1038_IEO_ANG_HI.wav,angry
1038_IEO_ANG_LO.wav,angry
1038_IEO_ANG_MD.wav,angry
1038_IOM_ANG_XX.wav,angry
1038_ITH_ANG_XX.wav,angry
1038_ITS_ANG_XX.wav,angry
1038_IWL_ANG_XX.wav,angry
1038_IWW_ANG_XX.wav,angry
1038_MTI_ANG_XX.wav,angry
1038_TAI_ANG_XX.wav,angry
1038_TIE_ANG_XX.wav,angry
1038_TSI_ANG_XX.wav,angry
1038_WSI_ANG_XX.wav,angry
1039_DFA_ANG_XX.wav,angry
1039_IEO_ANG_HI.wav,angry
1039_IEO_ANG_LO.wav,happy
1039_IEO_ANG_MD.wav,angry
1039_IOM_ANG_XX.wav,angry
1039_ITH_ANG_XX.wav,angry
1039_ITS_ANG_XX.wav,angry
1039_IWL_ANG_XX.wav,angry
1039_IWW_ANG_XX.wav,angry
1039_MTI_ANG_XX.wav,angry
1039_TAI_ANG_XX.wav,angry
1039_TIE_ANG_XX.wav,angry
1039_TSI_ANG_XX.wav,angry
1039_WSI_ANG_XX.wav,angry
1040_DFA_ANG_XX.wav,angry
1040_IEO_ANG_HI.wav,angry
1040_IEO_ANG_LO.wav,angry
1040_IEO_ANG_MD.wav,angry
1040_IOM_ANG_XX.wav,angry
1040_ITH_ANG_XX.wav,angry
1040_ITS_ANG_XX.wav,angry
1040_IWL_ANG_XX.wav,angry
1040_IWW_ANG_XX.wav,angry
1040_MTI_ANG_XX.wav,angry
1040_TAI_ANG_XX.wav,happy
1040_TIE_ANG_XX.wav,angry
1040_TSI_ANG_XX.wav,angry
1040_WSI_ANG_XX.wav,angry
1041_DFA_ANG_XX.wav,angry
1041_IEO_ANG_HI.wav,angry
1041_IEO_ANG_LO.wav,angry
1041_IEO_ANG_MD.wav,angry
1041_IOM_ANG_XX.wav,fear
1041_ITH_ANG_XX.wav,angry
1041_ITS_ANG_XX.wav,angry
1041_IWL_ANG_XX.wav,angry
1041_IWW_ANG_XX.wav,angry
1041_MTI_ANG_XX.wav,angry
1041_TAI_ANG_XX.wav,angry
1041_TIE_ANG_XX.wav,angry
1041_TSI_ANG_XX.wav,angry
1041_WSI_ANG_XX.wav,angry
1042_DFA_ANG_XX.wav,angry
1042_IEO_ANG_HI.wav,angry
1042_IEO_ANG_LO.wav,angry
1042_IEO_ANG_MD.wav,angry
1042_IOM_ANG_XX.wav,angry
1042_ITH_ANG_XX.wav,angry
1042_ITS_ANG_XX.wav,angry
1042_IWL_ANG_XX.wav,angry
1042_IWW_ANG_XX.wav,angry
1042_MTI_ANG_XX.wav,happy
1042_TAI_ANG_XX.wav,angry
1042_TIE_ANG_XX.wav,angry
1042_TSI_ANG_XX.wav,angry
1042_WSI_ANG_XX.wav,angry
1043_DFA_ANG_XX.wav,happy
1043_IEO_ANG_HI.wav,angry
1043_IEO_ANG_LO.wav,angry
1043_IEO_ANG_MD.wav,angry
1043_IOM_ANG_XX.wav,angry
1043_ITH_ANG_XX.wav,angry
1043_ITS_ANG_XX.wav,angry
1043_IWL_ANG_XX.wav,angry
1043_IWW_ANG_XX.wav,angry
1043_MTI_ANG_XX.wav,angry
1043_TAI_ANG_XX.wav,angry
1043_TIE_ANG_XX.wav,angry
1043_TSI_ANG_XX.wav,angry
1043_WSI_ANG_XX.wav,angry
1044_DFA_ANG_XX.wav,angry
1044_IEO_ANG_HI.wav,angry
1044_IEO_ANG_LO.wav,angry
1044_IEO_ANG_MD.wav,angry
1044_IOM_ANG_XX.wav,angry
1044_ITH_ANG_XX.wav,angry
1044_ITS_ANG_XX.wav,angry
1044_IWL_ANG_XX.wav,angry
1044_IWW_ANG_XX.wav,angry
1044_MTI_ANG_XX.wav,angry
1044_TAI_ANG_XX.wav,angry
1044_TIE_ANG_XX.wav,angry
1044_TSI_ANG_XX.wav,angry
1044_WSI_ANG_XX.wav,angry
1045_DFA_ANG_XX.wav,angry
1045_IEO_ANG_HI.wav,angry
1045_IEO_ANG_LO.wav,neutral
1045_IEO_ANG_MD.wav,angry
1045_IOM_ANG_XX.wav,angry
1045_ITH_ANG_XX.wav,angry
1045_ITS_ANG_XX.wav,neutral
1045_IWL_ANG_XX.wav,angry
1045_IWW_ANG_XX.wav,angry
1045_MTI_ANG_XX.wav,angry
1045_TAI_ANG_XX.wav,angry
1045_TIE_ANG_XX.wav,angry
1045_TSI_ANG_XX.wav,angry
1045_WSI_ANG_XX.wav,angry
1046_DFA_ANG_XX.wav,angry
1046_IEO_ANG_HI.wav,angry
1046_IEO_ANG_LO.wav,angry
1046_IEO_ANG_MD.wav,angry
1046_IOM_ANG_XX.wav,angry
1046_ITH_ANG_XX.wav,angry
1046_ITS_ANG_XX.wav,angry
1046_IWL_ANG_XX.wav,angry
1046_IWW_ANG_XX.wav,angry
1046_MTI_ANG_XX.wav,angry
1046_TAI_ANG_XX.wav,angry
1046_TIE_ANG_XX.wav,angry
1046_TSI_ANG_XX.wav,angry
1046_WSI_ANG_XX.wav,angry
1047_DFA_ANG_XX.wav,angry
1047_IEO_ANG_HI.wav,angry
1047_IEO_ANG_LO.wav,angry
1047_IEO_ANG_MD.wav,angry
1047_IOM_ANG_XX.wav,angry
1047_ITH_ANG_XX.wav,angry
1047_ITS_ANG_XX.wav,angry
1047_IWL_ANG_XX.wav,angry
1047_IWW_ANG_XX.wav,angry
1047_MTI_ANG_XX.wav,angry
1047_TAI_ANG_XX.wav,angry
1047_TIE_ANG_XX.wav,angry
1047_TSI_ANG_XX.wav,angry
1047_WSI_ANG_XX.wav,angry
1048_DFA_ANG_XX.wav,angry
1048_IEO_ANG_HI.wav,angry
1048_IEO_ANG_LO.wav,angry
1048_IEO_ANG_MD.wav,angry
1048_IOM_ANG_XX.wav,angry
1048_ITH_ANG_XX.wav,angry
1048_ITS_ANG_XX.wav,angry
1048_IWL_ANG_XX.wav,angry
1048_IWW_ANG_XX.wav,angry
1048_MTI_ANG_XX.wav,angry
1048_TAI_ANG_XX.wav,angry
1048_TIE_ANG_XX.wav,angry
1048_TSI_ANG_XX.wav,angry
1048_WSI_ANG_XX.wav,angry
1049_DFA_ANG_XX.wav,angry
1049_IEO_ANG_HI.wav,angry
1049_IEO_ANG_LO.wav,angry
1049_IEO_ANG_MD.wav,angry
1049_IOM_ANG_XX.wav,angry
1049_ITH_ANG_XX.wav,fear
1049_ITS_ANG_XX.wav,angry
1049_IWL_ANG_XX.wav,angry
1049_IWW_ANG_XX.wav,angry
1049_MTI_ANG_XX.wav,angry
1049_TAI_ANG_XX.wav,angry
1049_TIE_ANG_XX.wav,angry
1049_TSI_ANG_XX.wav,angry
1049_WSI_ANG_XX.wav,angry
1050_DFA_ANG_XX.wav,angry
1050_IEO_ANG_HI.wav,angry
1050_IEO_ANG_LO.wav,angry
1050_IEO_ANG_MD.wav,angry
1050_IOM_ANG_XX.wav,angry
1050_ITH_ANG_XX.wav,angry
1050_ITS_ANG_XX.wav,angry
1050_IWL_ANG_XX.wav,angry
1050_IWW_ANG_XX.wav,angry
1050_MTI_ANG_XX.wav,angry
1050_TAI_ANG_XX.wav,angry
1050_TIE_ANG_XX.wav,angry
1050_TSI_ANG_XX.wav,angry
1050_WSI_ANG_XX.wav,angry
1051_DFA_ANG_XX.wav,angry
1051_IEO_ANG_HI.wav,angry
1051_IEO_ANG_LO.wav,angry
1051_IEO_ANG_MD.wav,angry
1051_IOM_ANG_XX.wav,angry
1051_ITH_ANG_XX.wav,angry
1051_ITS_ANG_XX.wav,angry
1051_IWL_ANG_XX.wav,angry
1051_IWW_ANG_XX.wav,fear
1051_MTI_ANG_XX.wav,angry
1051_TAI_ANG_XX.wav,angry
1051_TIE_ANG_XX.wav,angry
1051_TSI_ANG_XX.wav,angry
1051_WSI_ANG_XX.wav,angry
1052_DFA_ANG_XX.wav,angry
1052_IEO_ANG_HI.wav,angry
1052_IEO_ANG_LO.wav,angry
1052_IEO_ANG_MD.wav,angry
1052_IOM_ANG_XX.wav,angry
1052_ITH_ANG_XX.wav,angry
1052_ITS_ANG_XX.wav,angry
1052_IWL_ANG_XX.wav,angry
1052_IWW_ANG_XX.wav,angry
1052_MTI_ANG_XX.wav,angry
1052_TAI_ANG_XX.wav,angry
1052_TIE_ANG_XX.wav,angry
1052_TSI_ANG_XX.wav,angry
1052_WSI_ANG_XX.wav,angry
1053_DFA_ANG_XX.wav,angry
1053_IEO_ANG_HI.wav,angry
1053_IEO_ANG_LO.wav,angry
1053_IEO_ANG_MD.wav,angry
1053_IOM_ANG_XX.wav,angry
1053_ITH_ANG_XX.wav,angry
1053_ITS_ANG_XX.wav,angry
1053_IWL_ANG_XX.wav,angry
1053_IWW_ANG_XX.wav,angry
1053_MTI_ANG_XX.wav,angry
1053_TAI_ANG_XX.wav,angry
1053_TIE_ANG_XX.wav,angry
1053_TSI_ANG_XX.wav,angry
1053_WSI_ANG_XX.wav,angry
1054_DFA_ANG_XX.wav,angry
1054_IEO_ANG_HI.wav,angry
1054_IEO_ANG_LO.wav,happy
1054_IEO_ANG_MD.wav,happy
1054_IOM_ANG_XX.wav,angry
1054_ITH_ANG_XX.wav,angry
1054_ITS_ANG_XX.wav,angry
1054_IWL_ANG_XX.wav,angry
1054_IWW_ANG_XX.wav,angry
1054_MTI_ANG_XX.wav,angry
1054_TAI_ANG_XX.wav,angry
1054_TIE_ANG_XX.wav,angry
1054_TSI_ANG_XX.wav,angry
1054_WSI_ANG_XX.wav,angry
1055_DFA_ANG_XX.wav,angry
1055_IEO_ANG_HI.wav,angry
1055_IEO_ANG_LO.wav,angry
1055_IEO_ANG_MD.wav,angry
1055_IOM_ANG_XX.wav,angry
1055_ITH_ANG_XX.wav,angry
1055_ITS_ANG_XX.wav,angry
1055_IWL_ANG_XX.wav,angry
1055_IWW_ANG_XX.wav,angry
1055_MTI_ANG_XX.wav,angry
1055_TAI_ANG_XX.wav,angry
1055_TIE_ANG_XX.wav,angry
1055_TSI_ANG_XX.wav,angry
1055_WSI_ANG_XX.wav,angry
1056_DFA_ANG_XX.wav,angry
1056_IEO_ANG_HI.wav,angry
1056_IEO_ANG_LO.wav,angry
1056_IEO_ANG_MD.wav,angry
1056_IOM_ANG_XX.wav,angry
1056_ITH_ANG_XX.wav,angry
1056_ITS_ANG_XX.wav,angry
1056_IWL_ANG_XX.wav,angry
1056_IWW_ANG_XX.wav,angry
1056_MTI_ANG_XX.wav,angry
1056_TAI_ANG_XX.wav,angry
1056_TIE_ANG_XX.wav,angry
1056_TSI_ANG_XX.wav,angry
1056_WSI_ANG_XX.wav,angry
1057_DFA_ANG_XX.wav,angry
1057_IEO_ANG_HI.wav,angry
1057_IEO_ANG_LO.wav,angry
1057_IEO_ANG_MD.wav,angry
1057_IOM_ANG_XX.wav,angry
1057_ITH_ANG_XX.wav,angry
1057_ITS_ANG_XX.wav,angry
1057_IWL_ANG_XX.wav,angry
1057_IWW_ANG_XX.wav,angry
1057_MTI_ANG_XX.wav,angry
1057_TAI_ANG_XX.wav,angry
1057_TIE_ANG_XX.wav,angry
1057_TSI_ANG_XX.wav,angry
1057_WSI_ANG_XX.wav,angry
1058_DFA_ANG_XX.wav,angry
1058_IEO_ANG_HI.wav,angry
1058_IEO_ANG_LO.wav,angry
1058_IEO_ANG_MD.wav,angry
1058_IOM_ANG_XX.wav,angry
1058_ITH_ANG_XX.wav,angry
1058_ITS_ANG_XX.wav,angry
1058_IWL_ANG_XX.wav,angry
1058_IWW_ANG_XX.wav,angry
1058_MTI_ANG_XX.wav,angry
1058_TAI_ANG_XX.wav,angry
1058_TIE_ANG_XX.wav,angry
1058_TSI_ANG_XX.wav,angry
1058_WSI_ANG_XX.wav,angry
1059_DFA_ANG_XX.wav,angry
1059_IEO_ANG_HI.wav,angry
1059_IEO_ANG_LO.wav,angry
1059_IEO_ANG_MD.wav,angry
1059_IOM_ANG_XX.wav,angry
1059_ITH_ANG_XX.wav,angry
1059_ITS_ANG_XX.wav,angry
1059_IWL_ANG_XX.wav,angry
1059_IWW_ANG_XX.wav,angry
1059_MTI_ANG_XX.wav,angry
1059_TAI_ANG_XX.wav,angry
1059_TIE_ANG_XX.wav,angry
1059_TSI_ANG_XX.wav,angry
1059_WSI_ANG_XX.wav,angry
1060_DFA_ANG_XX.wav,angry
1060_IEO_ANG_HI.wav,angry
1060_IEO_ANG_LO.wav,angry
1060_IEO_ANG_MD.wav,angry
1060_IOM_ANG_XX.wav,angry
1060_ITH_ANG_XX.wav,angry
1060_ITS_ANG_XX.wav,angry
1060_IWL_ANG_XX.wav,angry
1060_IWW_ANG_XX.wav,angry
1060_MTI_ANG_XX.wav,angry
1060_TAI_ANG_XX.wav,angry
1060_TIE_ANG_XX.wav,angry
1060_TSI_ANG_XX.wav,angry
1060_WSI_ANG_XX.wav,angry
1061_DFA_ANG_XX.wav,angry
1061_IEO_ANG_HI.wav,angry
1061_IEO_ANG_LO.wav,angry
1061_IEO_ANG_MD.wav,angry
1061_IOM_ANG_XX.wav,angry
1061_ITH_ANG_XX.wav,angry
1061_ITS_ANG_XX.wav,angry
1061_IWL_ANG_XX.wav,angry
1061_IWW_ANG_XX.wav,angry
1061_MTI_ANG_XX.wav,angry
1061_TAI_ANG_XX.wav,angry
1061_TIE_ANG_XX.wav,angry
1061_TSI_ANG_XX.wav,angry
1061_WSI_ANG_XX.wav,angry
1062_DFA_ANG_XX.wav,angry
1062_IEO_ANG_HI.wav,angry
1062_IEO_ANG_LO.wav,angry
1062_IEO_ANG_MD.wav,angry
1062_IOM_ANG_XX.wav,angry
1062_ITH_ANG_XX.wav,angry
1062_ITS_ANG_XX.wav,angry
1062_IWL_ANG_XX.wav,angry
1062_IWW_ANG_XX.wav,angry
1062_MTI_ANG_XX.wav,angry
1062_TAI_ANG_XX.wav,angry
1062_TIE_ANG_XX.wav,angry
1062_TSI_ANG_XX.wav,angry
1062_WSI_ANG_XX.wav,angry
1063_DFA_ANG_XX.wav,angry
1063_IEO_ANG_HI.wav,angry
1063_IEO_ANG_LO.wav,angry
1063_IEO_ANG_MD.wav,angry
1063_IOM_ANG_XX.wav,angry
1063_ITH_ANG_XX.wav,angry
1063_ITS_ANG_XX.wav,angry
1063_IWL_ANG_XX.wav,angry
1063_IWW_ANG_XX.wav,angry
1063_MTI_ANG_XX.wav,angry
1063_TAI_ANG_XX.wav,angry
1063_TIE_ANG_XX.wav,angry
1063_TSI_ANG_XX.wav,angry
1063_WSI_ANG_XX.wav,angry
1064_DFA_ANG_XX.wav,angry
1064_IEO_ANG_HI.wav,angry
1064_IEO_ANG_LO.wav,angry
1064_IEO_ANG_MD.wav,angry
1064_IOM_ANG_XX.wav,angry
1064_ITH_ANG_XX.wav,angry
1064_ITS_ANG_XX.wav,angry
1064_IWL_ANG_XX.wav,angry
1064_IWW_ANG_XX.wav,angry
1064_MTI_ANG_XX.wav,angry
1064_TAI_ANG_XX.wav,angry
1064_TIE_ANG_XX.wav,angry
1064_TSI_ANG_XX.wav,angry
1064_WSI_ANG_XX.wav,angry
1065_DFA_ANG_XX.wav,angry
1065_IEO_ANG_HI.wav,angry
1065_IEO_ANG_LO.wav,angry
1065_IEO_ANG_MD.wav,angry
1065_IOM_ANG_XX.wav,angry
1065_ITH_ANG_XX.wav,angry
1065_ITS_ANG_XX.wav,angry
1065_IWL_ANG_XX.wav,angry
1065_IWW_ANG_XX.wav,angry
1065_MTI_ANG_XX.wav,angry
1065_TAI_ANG_XX.wav,angry
1065_TIE_ANG_XX.wav,angry
1065_TSI_ANG_XX.wav,angry
1065_WSI_ANG_XX.wav,angry
1066_DFA_ANG_XX.wav,happy
1066_IEO_ANG_HI.wav,angry
1066_IEO_ANG_LO.wav,angry
1066_IEO_ANG_MD.wav,angry
1066_IOM_ANG_XX.wav,happy
1066_ITH_ANG_XX.wav,happy
1066_ITS_ANG_XX.wav,angry
1066_IWL_ANG_XX.wav,angry
1066_IWW_ANG_XX.wav,angry
1066_MTI_ANG_XX.wav,angry
1066_TAI_ANG_XX.wav,angry
1066_TIE_ANG_XX.wav,angry
1066_TSI_ANG_XX.wav,angry
1066_WSI_ANG_XX.wav,angry
1067_DFA_ANG_XX.wav,fear
1067_IEO_ANG_HI.wav,angry
1067_IEO_ANG_LO.wav,angry
1067_IEO_ANG_MD.wav,angry
1067_IOM_ANG_XX.wav,angry
1067_ITH_ANG_XX.wav,angry
1067_ITS_ANG_XX.wav,angry
1067_IWL_ANG_XX.wav,angry
1067_IWW_ANG_XX.wav,happy
1067_MTI_ANG_XX.wav,angry
1067_TAI_ANG_XX.wav,angry
1067_TIE_ANG_XX.wav,angry
1067_TSI_ANG_XX.wav,angry
1067_WSI_ANG_XX.wav,angry
1068_DFA_ANG_XX.wav,angry
1068_IEO_ANG_HI.wav,angry
1068_IEO_ANG_LO.wav,angry
1068_IEO_ANG_MD.wav,angry
1068_IOM_ANG_XX.wav,angry
1068_ITH_ANG_XX.wav,angry
1068_ITS_ANG_XX.wav,angry
1068_IWL_ANG_XX.wav,angry
1068_IWW_ANG_XX.wav,angry
1068_MTI_ANG_XX.wav,angry
1068_TAI_ANG_XX.wav,angry
1068_TIE_ANG_XX.wav,angry
1068_TSI_ANG_XX.wav,angry
1068_WSI_ANG_XX.wav,angry
1069_DFA_ANG_XX.wav,angry
1069_IEO_ANG_HI.wav,angry
1069_IEO_ANG_LO.wav,happy
1069_IEO_ANG_MD.wav,angry
1069_IOM_ANG_XX.wav,angry
1069_ITH_ANG_XX.wav,angry
1069_ITS_ANG_XX.wav,angry
1069_IWL_ANG_XX.wav,angry
1069_IWW_ANG_XX.wav,angry
1069_MTI_ANG_XX.wav,angry
1069_TAI_ANG_XX.wav,angry
1069_TIE_ANG_XX.wav,angry
1069_TSI_ANG_XX.wav,angry
1069_WSI_ANG_XX.wav,angry
1070_DFA_ANG_XX.wav,angry
1070_IEO_ANG_HI.wav,angry
1070_IEO_ANG_LO.wav,angry
1070_IEO_ANG_MD.wav,angry
1070_IOM_ANG_XX.wav,angry
1070_ITH_ANG_XX.wav,angry
1070_ITS_ANG_XX.wav,angry
1070_IWL_ANG_XX.wav,angry
1070_IWW_ANG_XX.wav,angry
1070_MTI_ANG_XX.wav,angry
1070_TAI_ANG_XX.wav,angry
1070_TIE_ANG_XX.wav,angry
1070_TSI_ANG_XX.wav,angry
1070_WSI_ANG_XX.wav,angry
1071_DFA_ANG_XX.wav,neutral
1071_IEO_ANG_HI.wav,angry
1071_IEO_ANG_LO.wav,angry
1071_IEO_ANG_MD.wav,angry
1071_IOM_ANG_XX.wav,angry
1071_ITH_ANG_XX.wav,neutral
1071_ITS_ANG_XX.wav,happy
1071_IWL_ANG_XX.wav,angry
1071_IWW_ANG_XX.wav,angry
1071_MTI_ANG_XX.wav,angry
1071_TAI_ANG_XX.wav,angry
1071_TIE_ANG_XX.wav,angry
1071_TSI_ANG_XX.wav,angry
1071_WSI_ANG_XX.wav,angry
1072_DFA_ANG_XX.wav,angry
1072_IEO_ANG_HI.wav,angry
1072_IEO_ANG_LO.wav,angry
1072_IEO_ANG_MD.wav,angry
1072_IOM_ANG_XX.wav,angry
1072_ITH_ANG_XX.wav,neutral
1072_ITS_ANG_XX.wav,angry
1072_IWL_ANG_XX.wav,angry
1072_IWW_ANG_XX.wav,angry
1072_MTI_ANG_XX.wav,angry
1072_TAI_ANG_XX.wav,angry
1072_TIE_ANG_XX.wav,angry
1072_TSI_ANG_XX.wav,angry
1072_WSI_ANG_XX.wav,angry
1073_DFA_ANG_XX.wav,angry
1073_IEO_ANG_HI.wav,angry
1073_IEO_ANG_LO.wav,angry
1073_IEO_ANG_MD.wav,angry
1073_IOM_ANG_XX.wav,angry
1073_ITH_ANG_XX.wav,angry
1073_ITS_ANG_XX.wav,angry
1073_IWL_ANG_XX.wav,angry
1073_IWW_ANG_XX.wav,angry
1073_MTI_ANG_XX.wav,angry
1073_TAI_ANG_XX.wav,angry
1073_TIE_ANG_XX.wav,angry
1073_TSI_ANG_XX.wav,angry
1073_WSI_ANG_XX.wav,angry
1074_DFA_ANG_XX.wav,angry
1074_IEO_ANG_HI.wav,angry
1074_IEO_ANG_LO.wav,angry
1074_IEO_ANG_MD.wav,angry
1074_IOM_ANG_XX.wav,angry
1074_ITH_ANG_XX.wav,angry
1074_ITS_ANG_XX.wav,angry
1074_IWL_ANG_XX.wav,angry
1074_IWW_ANG_XX.wav,angry
1074_MTI_ANG_XX.wav,angry
1074_TAI_ANG_XX.wav,angry
1074_TIE_ANG_XX.wav,angry
1074_TSI_ANG_XX.wav,angry
1074_WSI_ANG_XX.wav,angry
1075_DFA_ANG_XX.wav,angry
1075_IEO_ANG_HI.wav,angry
1075_IEO_ANG_LO.wav,angry
1075_IEO_ANG_MD.wav,angry
1075_IOM_ANG_XX.wav,angry
1075_ITH_ANG_XX.wav,angry
1075_ITS_ANG_XX.wav,angry
1075_IWL_ANG_XX.wav,angry
1075_IWW_ANG_XX.wav,angry
1075_MTI_ANG_XX.wav,angry
1075_TAI_ANG_XX.wav,angry
1075_TIE_ANG_XX.wav,angry
1075_TSI_ANG_XX.wav,angry
1075_WSI_ANG_XX.wav,angry
1076_DFA_ANG_XX.wav,angry
1076_IEO_ANG_HI.wav,angry
1076_IEO_ANG_LO.wav,angry
1076_IEO_ANG_MD.wav,angry
1076_IOM_ANG_XX.wav,angry
1076_ITH_ANG_XX.wav,angry
1076_ITS_ANG_XX.wav,angry
1076_IWL_ANG_XX.wav,angry
1076_IWW_ANG_XX.wav,angry
1076_MTI_ANG_XX.wav,angry
1076_TAI_ANG_XX.wav,angry
1076_TIE_ANG_XX.wav,angry
1076_TSI_ANG_XX.wav,angry
1076_WSI_ANG_XX.wav,angry
1077_DFA_ANG_XX.wav,angry
1077_IEO_ANG_HI.wav,angry
1077_IEO_ANG_LO.wav,neutral
1077_IEO_ANG_MD.wav,angry
1077_IOM_ANG_XX.wav,angry
1077_ITH_ANG_XX.wav,angry
1077_ITS_ANG_XX.wav,angry
1077_IWL_ANG_XX.wav,angry
1077_IWW_ANG_XX.wav,angry
1077_MTI_ANG_XX.wav,angry
1077_TAI_ANG_XX.wav,angry
1077_TIE_ANG_XX.wav,angry
1077_TSI_ANG_XX.wav,angry
1077_WSI_ANG_XX.wav,angry
1078_DFA_ANG_XX.wav,angry
1078_IEO_ANG_HI.wav,angry
1078_IEO_ANG_LO.wav,angry
1078_IEO_ANG_MD.wav,angry
1078_IOM_ANG_XX.wav,angry
1078_ITH_ANG_XX.wav,angry
1078_ITS_ANG_XX.wav,angry
1078_IWL_ANG_XX.wav,angry
1078_IWW_ANG_XX.wav,angry
1078_MTI_ANG_XX.wav,happy
1078_TAI_ANG_XX.wav,angry
1078_TIE_ANG_XX.wav,angry
1078_TSI_ANG_XX.wav,angry
1078_WSI_ANG_XX.wav,angry
1079_DFA_ANG_XX.wav,angry
1079_IEO_ANG_HI.wav,angry
1079_IEO_ANG_LO.wav,angry
1079_IEO_ANG_MD.wav,angry
1079_IOM_ANG_XX.wav,angry
1079_ITH_ANG_XX.wav,angry
1079_ITS_ANG_XX.wav,angry
1079_IWL_ANG_XX.wav,angry
1079_IWW_ANG_XX.wav,angry
1079_MTI_ANG_XX.wav,angry
1079_TAI_ANG_XX.wav,angry
1079_TIE_ANG_XX.wav,angry
1079_TSI_ANG_XX.wav,angry
1079_WSI_ANG_XX.wav,angry
1080_DFA_ANG_XX.wav,angry
1080_IEO_ANG_HI.wav,angry
1080_IEO_ANG_LO.wav,angry
1080_IEO_ANG_MD.wav,angry
1080_IOM_ANG_XX.wav,angry
1080_ITH_ANG_XX.wav,angry
1080_ITS_ANG_XX.wav,angry
1080_IWL_ANG_XX.wav,angry
1080_IWW_ANG_XX.wav,angry
1080_MTI_ANG_XX.wav,angry
1080_TAI_ANG_XX.wav,angry
1080_TIE_ANG_XX.wav,angry
1080_TSI_ANG_XX.wav,angry
1080_WSI_ANG_XX.wav,angry
1081_DFA_ANG_XX.wav,angry
1081_IEO_ANG_HI.wav,angry
1081_IEO_ANG_LO.wav,angry
1081_IEO_ANG_MD.wav,angry
1081_IOM_ANG_XX.wav,angry
1081_ITH_ANG_XX.wav,angry
1081_ITS_ANG_XX.wav,angry
1081_IWL_ANG_XX.wav,angry
1081_IWW_ANG_XX.wav,angry
1081_MTI_ANG_XX.wav,angry
1081_TAI_ANG_XX.wav,angry
1081_TIE_ANG_XX.wav,angry
1081_TSI_ANG_XX.wav,angry
1081_WSI_ANG_XX.wav,fear
1082_DFA_ANG_XX.wav,angry
1082_IEO_ANG_HI.wav,angry
1082_IEO_ANG_LO.wav,angry
1082_IEO_ANG_MD.wav,angry
1082_IOM_ANG_XX.wav,angry
1082_ITH_ANG_XX.wav,angry
1082_ITS_ANG_XX.wav,angry
1082_IWL_ANG_XX.wav,angry
1082_IWW_ANG_XX.wav,angry
1082_MTI_ANG_XX.wav,angry
1082_TAI_ANG_XX.wav,angry
1082_TIE_ANG_XX.wav,angry
1082_TSI_ANG_XX.wav,angry
1082_WSI_ANG_XX.wav,angry
1083_DFA_ANG_XX.wav,angry
1083_IEO_ANG_HI.wav,angry
1083_IEO_ANG_LO.wav,angry
1083_IEO_ANG_MD.wav,angry
1083_IOM_ANG_XX.wav,angry
1083_ITH_ANG_XX.wav,angry
1083_ITS_ANG_XX.wav,angry
1083_IWL_ANG_XX.wav,angry
1083_IWW_ANG_XX.wav,angry
1083_MTI_ANG_XX.wav,angry
1083_TAI_ANG_XX.wav,angry
1083_TIE_ANG_XX.wav,angry
1083_TSI_ANG_XX.wav,angry
1083_WSI_ANG_XX.wav,angry
1084_DFA_ANG_XX.wav,neutral
1084_IEO_ANG_HI.wav,angry
1084_IEO_ANG_LO.wav,angry
1084_IEO_ANG_MD.wav,angry
1084_IOM_ANG_XX.wav,angry
1084_ITH_ANG_XX.wav,angry
1084_ITS_ANG_XX.wav,angry
1084_IWL_ANG_XX.wav,angry
1084_IWW_ANG_XX.wav,angry
1084_MTI_ANG_XX.wav,angry
1084_TAI_ANG_XX.wav,angry
1084_TIE_ANG_XX.wav,angry
1084_TSI_ANG_XX.wav,angry
1084_WSI_ANG_XX.wav,angry
1085_DFA_ANG_XX.wav,angry
1085_IEO_ANG_HI.wav,angry
1085_IEO_ANG_LO.wav,angry
1085_IEO_ANG_MD.wav,angry
1085_IOM_ANG_XX.wav,angry
1085_ITH_ANG_XX.wav,angry
1085_ITS_ANG_XX.wav,angry
1085_IWL_ANG_XX.wav,angry
1085_IWW_ANG_XX.wav,angry
1085_MTI_ANG_XX.wav,angry
1085_TAI_ANG_XX.wav,angry
1085_TIE_ANG_XX.wav,angry
1085_TSI_ANG_XX.wav,angry
1085_WSI_ANG_XX.wav,angry
1086_DFA_ANG_XX.wav,angry
1086_IEO_ANG_HI.wav,angry
1086_IEO_ANG_LO.wav,angry
1086_IEO_ANG_MD.wav,angry
1086_IOM_ANG_XX.wav,angry
1086_ITH_ANG_XX.wav,angry
1086_ITS_ANG_XX.wav,angry
1086_IWL_ANG_XX.wav,angry
1086_IWW_ANG_XX.wav,angry
1086_MTI_ANG_XX.wav,angry
1086_TAI_ANG_XX.wav,angry
1086_TIE_ANG_XX.wav,angry
1086_TSI_ANG_XX.wav,angry
1086_WSI_ANG_XX.wav,angry
1087_DFA_ANG_XX.wav,angry
1087_IEO_ANG_HI.wav,angry
1087_IEO_ANG_LO.wav,angry
1087_IEO_ANG_MD.wav,angry
1087_IOM_ANG_XX.wav,sad
1087_ITH_ANG_XX.wav,angry
1087_ITS_ANG_XX.wav,angry
1087_IWL_ANG_XX.wav,sad
1087_IWW_ANG_XX.wav,angry
1087_MTI_ANG_XX.wav,angry
1087_TAI_ANG_XX.wav,angry
1087_TIE_ANG_XX.wav,angry
1087_TSI_ANG_XX.wav,angry
1087_WSI_ANG_XX.wav,angry
1088_DFA_ANG_XX.wav,angry
1088_IEO_ANG_HI.wav,angry
1088_IEO_ANG_LO.wav,angry
1088_IEO_ANG_MD.wav,angry
1088_IOM_ANG_XX.wav,angry
1088_ITH_ANG_XX.wav,angry
1088_ITS_ANG_XX.wav,angry
1088_IWL_ANG_XX.wav,angry
1088_IWW_ANG_XX.wav,happy
1088_MTI_ANG_XX.wav,angry
1088_TAI_ANG_XX.wav,angry
1088_TIE_ANG_XX.wav,happy
1088_TSI_ANG_XX.wav,angry
1088_WSI_ANG_XX.wav,angry
1089_DFA_ANG_XX.wav,angry
1089_IEO_ANG_HI.wav,angry
1089_IEO_ANG_LO.wav,angry
1089_IEO_ANG_MD.wav,angry
1089_IOM_ANG_XX.wav,angry
1089_ITH_ANG_XX.wav,angry
1089_ITS_ANG_XX.wav,angry
1089_IWL_ANG_XX.wav,angry
1089_IWW_ANG_XX.wav,angry
1089_MTI_ANG_XX.wav,angry
1089_TAI_ANG_XX.wav,angry
1089_TIE_ANG_XX.wav,angry
1089_TSI_ANG_XX.wav,angry
1089_WSI_ANG_XX.wav,angry
1090_DFA_ANG_XX.wav,angry
1090_IEO_ANG_HI.wav,angry
1090_IEO_ANG_LO.wav,angry
1090_IEO_ANG_MD.wav,angry
1090_IOM_ANG_XX.wav,angry
1090_ITH_ANG_XX.wav,angry
1090_ITS_ANG_XX.wav,angry
1090_IWL_ANG_XX.wav,angry
1090_IWW_ANG_XX.wav,angry
1090_MTI_ANG_XX.wav,angry
1090_TAI_ANG_XX.wav,angry
1090_TIE_ANG_XX.wav,angry
1090_TSI_ANG_XX.wav,angry
1090_WSI_ANG_XX.wav,angry
1091_DFA_ANG_XX.wav,angry
1091_IEO_ANG_HI.wav,angry
1091_IEO_ANG_LO.wav,angry
1091_IEO_ANG_MD.wav,fear
1091_IOM_ANG_XX.wav,angry
1091_ITH_ANG_XX.wav,angry
1091_ITS_ANG_XX.wav,angry
1091_IWL_ANG_XX.wav,angry
1091_IWW_ANG_XX.wav,angry
1091_MTI_ANG_XX.wav,fear
1091_TAI_ANG_XX.wav,angry
1091_TIE_ANG_XX.wav,angry
1091_TSI_ANG_XX.wav,angry
1091_WSI_ANG_XX.wav,angry
10a01Wa.wav,angry
10a02Wa.wav,angry
10a04Wa.wav,angry
10a04Wb.wav,angry
10a05Wb.wav,angry
10a07Wb.wav,angry
10b02Wb.wav,angry
10b03Wb.wav,angry
10b09Wb.wav,angry
10b10Wa.wav,angry
11a01Wc.wav,angry
11a02Wc.wav,angry
11a04Wc.wav,angry
11a05Wd.wav,angry
11a07Wc.wav,angry
11b01Wd.wav,angry
11b02Wb.wav,angry
11b03Wa.wav,angry
11b03Wb.wav,angry
11b09Wa.wav,angry
11b10Wa.wav,angry
12a01Wc.wav,angry
12a02Wa.wav,angry
12a02Wc.wav,angry
12a04Wc.wav,angry
12a05Wb.wav,angry
12a07Wa.wav,angry
12b01Wa.wav,angry
12b02Wa.wav,angry
12b02Wb.wav,angry
12b02Wd.wav,angry
12b09Wc.wav,angry
12b10Wa.wav,angry
13a01Wb.wav,angry
13a02Wa.wav,angry
13a04Wc.wav,angry
13a05Wa.wav,angry
13a05Wc.wav,angry
13a07Wb.wav,angry
13b01Wa.wav,angry
13b02Wa.wav,angry
13b03Wc.wav,angry
13b09Wa.wav,angry
13b10Wa.wav,fear
13b10Wc.wav,angry
14a01Wa.wav,angry
14a01Wc.wav,angry
14a02Wa.wav,angry
14a02Wc.wav,angry
14a04Wb.wav,angry
14a04Wc.wav,angry
14a05Wa.wav,angry
14a05Wb.wav,angry
14a07Wc.wav,angry
14b01Wc.wav,angry
14b02Wb.wav,angry
14b02Wd.wav,angry
14b03Wb.wav,angry
14b09Wa.wav,angry
14b09Wc.wav,angry
14b10Wc.wav,angry
15a01Wa.wav,angry
15a02Wb.wav,angry
15a02Wd.wav,angry
15a04Wa.wav,angry
15a04Wb.wav,angry
15a05Wa.wav,angry
15b01Wc.wav,angry
15b02Wa.wav,angry
15b02Wc.wav,angry
15b03Wa.wav,angry
15b03Wb.wav,angry
15b09Wb.wav,angry
15b10Wa.wav,angry
16a01Wb.wav,angry
16a02Wb.wav,angry
16a04Wb.wav,angry
16a04Wc.wav,angry
16a05Wb.wav,angry
16a05Wc.wav,angry
16a07Wa.wav,angry
16b01Wa.wav,angry
16b01Wb.wav,angry
16b02Wb.wav,angry
16b03Wb.wav,angry
16b09Wb.wav,angry
16b10Wa.wav,angry
16b10Wb.wav,angry
a01.wav,angry
a02.wav,angry
a03.wav,angry
a04.wav,angry
a05.wav,angry
a06.wav,angry
a07.wav,angry
a08.wav,angry
a09.wav,angry
a10.wav,angry
a11.wav,angry
a12.wav,angry
a13.wav,angry
a14.wav,angry
a15.wav,neutral
OAF_back_angry.wav,angry
OAF_bar_angry.wav,angry
OAF_base_angry.wav,angry
OAF_bath_angry.wav,angry
OAF_bean_angry.wav,angry
OAF_beg_angry.wav,angry
OAF_bite_angry.wav,angry
OAF_boat_angry.wav,angry
OAF_bone_angry.wav,angry
OAF_book_angry.wav,angry
OAF_bought_angry.wav,angry
OAF_burn_angry.wav,angry
OAF_cab_angry.wav,angry
OAF_calm_angry.wav,angry
OAF_came_angry.wav,angry
OAF_cause_angry.wav,angry
OAF_chain_angry.wav,angry
OAF_chair_angry.wav,angry
OAF_chalk_angry.wav,angry
OAF_chat_angry.wav,angry
OAF_check_angry.wav,angry
OAF_cheek_angry.wav,angry
OAF_chief_angry.wav,angry
OAF_choice_angry.wav,angry
OAF_cool_angry.wav,angry
OAF_dab_angry.wav,angry
OAF_date_angry.wav,angry
OAF_dead_angry.wav,angry
OAF_death_angry.wav,angry
OAF_deep_angry.wav,angry
OAF_dime_angry.wav,angry
OAF_dip_angry.wav,angry
OAF_ditch_angry.wav,angry
OAF_dodge_angry.wav,angry
OAF_dog_angry.wav,angry
OAF_doll_angry.wav,angry
OAF_door_angry.wav,angry
OAF_fail_angry.wav,angry
OAF_fall_angry.wav,angry
OAF_far_angry.wav,angry
OAF_fat_angry.wav,angry
OAF_fit_angry.wav,angry
OAF_five_angry.wav,angry
OAF_food_angry.wav,angry
OAF_gap_angry.wav,angry
OAF_gas_angry.wav,angry
OAF_gaze_angry.wav,angry
OAF_germ_angry.wav,angry
OAF_get_angry.wav,angry
OAF_gin_angry.wav,angry
OAF_goal_angry.wav,angry
OAF_good_angry.wav,angry
OAF_goose_angry.wav,angry
OAF_gun_angry.wav,angry
OAF_half_angry.wav,angry
OAF_hall_angry.wav,angry
OAF_hash_angry.wav,angry
OAF_hate_angry.wav,angry
OAF_have_angry.wav,angry
OAF_haze_angry.wav,angry
OAF_hire_angry.wav,angry
OAF_hit_angry.wav,angry
OAF_hole_angry.wav,angry
OAF_home_angry.wav,angry
OAF_hurl_angry.wav,angry
OAF_hush_angry.wav,angry
OAF_jail_angry.wav,angry
OAF_jar_angry.wav,angry
OAF_join_angry.wav,angry
OAF_judge_angry.wav,angry
OAF_jug_angry.wav,angry
OAF_juice_angry.wav,angry
OAF_keen_angry.wav,angry
OAF_keep_angry.wav,angry
OAF_keg_angry.wav,angry
OAF_kick_angry.wav,angry
OAF_kill_angry.wav,angry
OAF_king_angry.wav,angry
OAF_kite_angry.wav,angry
OAF_knock_angry.wav,angry
OAF_late_angry.wav,angry
OAF_laud_angry.wav,angry
OAF_lean_angry.wav,angry
OAF_learn_angry.wav,angry
OAF_lease_angry.wav,angry
OAF_lid_angry.wav,angry
OAF_life_angry.wav,angry
OAF_limb_angry.wav,angry
OAF_live_angry.wav,angry
OAF_loaf_angry.wav,angry
OAF_long_angry.wav,angry
OAF_lore_angry.wav,angry
OAF_lose_angry.wav,angry
OAF_lot_angry.wav,angry
OAF_love_angry.wav,angry
OAF_luck_angry.wav,angry
OAF_make_angry.wav,angry
OAF_match_angry.wav,angry
OAF_merge_angry.wav,angry
OAF_mess_angry.wav,angry
OAF_met_angry.wav,angry
OAF_mill_angry.wav,angry
OAF_mob_angry.wav,angry
OAF_mode_angry.wav,angry
OAF_mood_angry.wav,angry
OAF_moon_angry.wav,angry
OAF_mop_angry.wav,angry
OAF_mouse_angry.wav,angry
OAF_nag_angry.wav,angry
OAF_name_angry.wav,angry
OAF_near_angry.wav,angry
OAF_neat_angry.wav,angry
OAF_nice_angry.wav,angry
OAF_note_angry.wav,angry
OAF_numb_angry.wav,angry
OAF_pad_angry.wav,angry
OAF_page_angry.wav,angry
OAF_pain_angry.wav,angry
OAF_pass_angry.wav,angry
OAF_pearl_angry.wav,angry
OAF_peg_angry.wav,angry
OAF_perch_angry.wav,angry
OAF_phone_angry.wav,angry
OAF_pick_angry.wav,angry
OAF_pike_angry.wav,angry
OAF_pole_angry.wav,angry
OAF_pool_angry.wav,angry
OAF_puff_angry.wav,angry
OAF_rag_angry.wav,angry
OAF_raid_angry.wav,angry
OAF_rain_angry.wav,angry
OAF_raise_angry.wav,angry
OAF_rat_angry.wav,angry
OAF_reach_angry.wav,angry
OAF_read_angry.wav,angry
OAF_red_angry.wav,angry
OAF_ring_angry.wav,angry
OAF_ripe_angry.wav,angry
OAF_road_angry.wav,angry
OAF_room_angry.wav,angry
OAF_rose_angry.wav,angry
OAF_rot_angry.wav,angry
OAF_rough_angry.wav,angry
OAF_rush_angry.wav,angry
OAF_said_angry.wav,angry
OAF_sail_angry.wav,angry
OAF_search_angry.wav,angry
OAF_seize_angry.wav,angry
OAF_sell_angry.wav,angry
OAF_shack_angry.wav,angry
OAF_shall_angry.wav,angry
OAF_shawl_angry.wav,angry
OAF_sheep_angry.wav,angry
OAF_shirt_angry.wav,angry
OAF_should_angry.wav,angry
OAF_shout_angry.wav,angry
OAF_size_angry.wav,angry
OAF_soap_angry.wav,angry
OAF_soup_angry.wav,angry
OAF_sour_angry.wav,angry
OAF_south_angry.wav,angry
OAF_sub_angry.wav,angry
OAF_such_angry.wav,angry
OAF_sure_angry.wav,angry
OAF_take_angry.wav,angry
OAF_talk_angry.wav,angry
OAF_tape_angry.wav,angry
OAF_team_angry.wav,angry
OAF_tell_angry.wav,angry
OAF_thin_angry.wav,angry
OAF_third_angry.wav,angry
OAF_thought_angry.wav,angry
OAF_thumb_angry.wav,angry
OAF_time_angry.wav,angry
OAF_tip_angry.wav,angry
OAF_tire_angry.wav,angry
OAF_ton_angry.wav,angry
OAF_tool_angry.wav,angry
OAF_tough_angry.wav,angry
OAF_turn_angry.wav,angry
OAF_vine_angry.wav,angry
OAF_voice_angry.wav,angry
OAF_void_angry.wav,angry
OAF_vote_angry.wav,angry
OAF_wag_angry.wav,angry
OAF_walk_angry.wav,angry
OAF_wash_angry.wav,angry
OAF_week_angry.wav,angry
OAF_wheat_angry.wav,angry
OAF_when_angry.wav,angry
OAF_which_angry.wav,angry
OAF_whip_angry.wav,angry
OAF_white_angry.wav,angry
OAF_wife_angry.wav,angry
OAF_wire_angry.wav,angry
OAF_witch_angry.wav,angry
OAF_yearn_angry.wav,angry
OAF_yes_angry.wav,angry
OAF_young_angry.wav,angry
OAF_youth_angry.wav,angry
YAF_back_angry.wav,angry
YAF_bar_angry.wav,angry
YAF_base_angry.wav,angry
YAF_bath_angry.wav,angry
YAF_bean_angry.wav,angry
YAF_beg_angry.wav,angry
YAF_bite_angry.wav,angry
YAF_boat_angry.wav,angry
YAF_bone_angry.wav,angry
YAF_book_angry.wav,angry
YAF_bought_angry.wav,angry
YAF_burn_angry.wav,angry
YAF_cab_angry.wav,angry
YAF_calm_angry.wav,angry
YAF_came_angry.wav,angry
YAF_cause_angry.wav,angry
YAF_chain_angry.wav,angry
YAF_chair_angry.wav,angry
YAF_chalk_angry.wav,angry
YAF_chat_angry.wav,angry
YAF_check_angry.wav,angry
YAF_cheek_angry.wav,angry
YAF_chief_angry.wav,angry
YAF_choice_angry.wav,angry
YAF_cool_angry.wav,angry
YAF_dab_angry.wav,angry
YAF_date_angry.wav,angry
YAF_dead_angry.wav,angry
YAF_death_angry.wav,angry
YAF_deep_angry.wav,angry
YAF_dime_angry.wav,angry
YAF_dip_angry.wav,angry
YAF_ditch_angry.wav,angry
YAF_dodge_angry.wav,angry
YAF_dog_angry.wav,angry
YAF_doll_angry.wav,angry
YAF_door_angry.wav,angry
YAF_fail_angry.wav,angry
YAF_fall_angry.wav,angry
YAF_far_angry.wav,angry
YAF_fat_angry.wav,angry
YAF_fit_angry.wav,angry
YAF_five_angry.wav,angry
YAF_food_angry.wav,angry
YAF_gap_angry.wav,angry
YAF_gas_angry.wav,angry
YAF_gaze_angry.wav,angry
YAF_get_angry.wav,angry
YAF_gin_angry.wav,angry
YAF_goal_angry.wav,angry
YAF_good_angry.wav,angry
YAF_goose_angry.wav,angry
YAF_gun_angry.wav,angry
YAF_half_angry.wav,angry
YAF_hall_angry.wav,angry
YAF_hash_angry.wav,angry
YAF_hate_angry.wav,angry
YAF_have_angry.wav,angry
YAF_haze_angry.wav,angry
YAF_hire_angry.wav,angry
YAF_hit_angry.wav,angry
YAF_hole_angry.wav,angry
YAF_home_angry.wav,angry
YAF_hurl_angry.wav,angry
YAF_hush_angry.wav,angry
YAF_jail_angry.wav,angry
YAF_jar_angry.wav,angry
YAF_join_angry.wav,angry
YAF_judge_angry.wav,angry
YAF_jug_angry.wav,angry
YAF_juice_angry.wav,angry
YAF_keen_angry.wav,angry
YAF_keep_angry.wav,angry
YAF_keg_angry.wav,angry
YAF_kick_angry.wav,angry
YAF_kill_angry.wav,angry
YAF_king_angry.wav,angry
YAF_kite_angry.wav,angry
YAF_knock_angry.wav,angry
YAF_late_angry.wav,angry
YAF_laud_angry.wav,angry
YAF_lean_angry.wav,angry
YAF_learn_angry.wav,angry
YAF_lease_angry.wav,angry
YAF_lid_angry.wav,angry
YAF_life_angry.wav,angry
YAF_limb_angry.wav,angry
YAF_live_angry.wav,angry
YAF_loaf_angry.wav,angry
YAF_long_angry.wav,angry
YAF_lore_angry.wav,angry
YAF_lose_angry.wav,angry
YAF_lot_angry.wav,angry
YAF_love_angry.wav,angry
YAF_luck_angry.wav,angry
YAF_make_angry.wav,angry
YAF_match_angry.wav,angry
YAF_merge_angry.wav,angry
YAF_mess_angry.wav,angry
YAF_met_angry.wav,angry
YAF_mill_angry.wav,angry
YAF_mob_angry.wav,angry
YAF_mode_angry.wav,angry
YAF_mood_angry.wav,angry
YAF_moon_angry.wav,angry
YAF_mop_angry.wav,angry
YAF_mouse_angry.wav,angry
YAF_nag_angry.wav,angry
YAF_name_angry.wav,angry
YAF_near_angry.wav,angry
YAF_neat_angry.wav,angry
YAF_nice_angry.wav,angry
YAF_note_angry.wav,angry
YAF_numb_angry.wav,angry
YAF_pad_angry.wav,angry
YAF_page_angry.wav,angry
YAF_pain_angry.wav,angry
YAF_pass_angry.wav,angry
YAF_pearl_angry.wav,angry
YAF_peg_angry.wav,angry
YAF_perch_angry.wav,angry
YAF_phone_angry.wav,angry
YAF_pick_angry.wav,angry
YAF_pike_angry.wav,angry
YAF_pole_angry.wav,angry
YAF_pool_angry.wav,angry
YAF_puff_angry.wav,angry
YAF_rag_angry.wav,angry
YAF_raid_angry.wav,angry
YAF_rain_angry.wav,angry
YAF_raise_angry.wav,angry
YAF_rat_angry.wav,angry
YAF_reach_angry.wav,angry
YAF_read_angry.wav,angry
YAF_red_angry.wav,angry
YAF_ring_angry.wav,angry
YAF_ripe_angry.wav,angry
YAF_road_angry.wav,angry
YAF_room_angry.wav,angry
YAF_rose_angry.wav,angry
YAF_rot_angry.wav,angry
YAF_rough_angry.wav,angry
YAF_rush_angry.wav,angry
YAF_said_angry.wav,angry
YAF_sail_angry.wav,angry
YAF_search_angry.wav,angry
YAF_seize_angry.wav,angry
YAF_sell_angry.wav,angry
YAF_shack_angry.wav,angry
YAF_shall_angry.wav,angry
YAF_shawl_angry.wav,angry
YAF_sheep_angry.wav,angry
YAF_shirt_angry.wav,angry
YAF_should_angry.wav,angry
YAF_shout_angry.wav,angry
YAF_size_angry.wav,angry
YAF_soap_angry.wav,angry
YAF_soup_angry.wav,angry
YAF_sour_angry.wav,angry
YAF_south_angry.wav,angry
YAF_sub_angry.wav,angry
YAF_such_angry.wav,angry
YAF_sure_angry.wav,angry
YAF_take_angry.wav,angry
YAF_talk_angry.wav,angry
YAF_tape_angry.wav,angry
YAF_team_angry.wav,angry
YAF_tell_angry.wav,angry
YAF_thin_angry.wav,angry
YAF_third_angry.wav,angry
YAF_thought_angry.wav,angry
YAF_thumb_angry.wav,angry
YAF_time_angry.wav,angry
YAF_tip_angry.wav,angry
YAF_tire_angry.wav,angry
YAF_ton_angry.wav,angry
YAF_tool_angry.wav,angry
YAF_tough_angry.wav,angry
YAF_turn_angry.wav,angry
YAF_vine_angry.wav,angry
YAF_voice_angry.wav,angry
YAF_void_angry.wav,angry
YAF_vote_angry.wav,angry
YAF_wag_angry.wav,angry
YAF_walk_angry.wav,angry
YAF_wash_angry.wav,angry
YAF_week_angry.wav,angry
YAF_wheat_angry.wav,angry
YAF_when_angry.wav,angry
YAF_which_angry.wav,angry
YAF_whip_angry.wav,angry
YAF_white_angry.wav,angry
YAF_wife_angry.wav,angry
YAF_wire_angry.wav,angry
YAF_witch_angry.wav,angry
YAF_yearn_angry.wav,angry
YAF_yes_angry.wav,angry
YAF_young_angry.wav,angry
YAF_youth_angry.wav,angry
